AuthorID,Firstname,Surname
1,Alexander,Collins
2,Isaac,Fitzgerald
3,Robert,Thomas
6,Alexander,Rose
7,Michael,Johnson
8,Christopher,Adams
9,Jordan,Bishop
10,Brooklyn,Long
11,Scarlett,Evans
12,Zoe,Reyes
13,Emma,Martin
16,Asher,Griffin
17,Alexander,Hernandez
18,Jane,Smith
19,Liam,Perez
20,Hannah,Warren
21,David,Barnes
25,Ava,White
29,Isabella,Fisher
31,Charlotte,Rodriguez
32,Olivia,Miller
33,Michael,Watkins
34,Stella,Coleman
35,Ella,Phillips
36,Addison,Hayward
37,Matthew,Lewis
38,Amelia,Lee
39,David,Thompson
40,James,Taylor
41,Jaxon,Ortiz
43,Aria,Mitchell
44,Joshua,Carter
45,Elizabeth,Campbell
46,Aiden,Parker
51,Sofia,Nelson
52,Samuel,Hill
54,Eleanor,Butler
55,Abigail,Roberts
56,Christopher,Alexander
58,Sofia,Bryant
59,Benjamin,Reed
61,Andrew,Gonzalez
64,Sophia,Robinson
65,Sofia,Cruz
66,Sophia,Anderson
67,Chloe,Baker
68,Noah,Turner
69,Grace,Green
75,John,Williams
77,Andrew,Price
79,Daniel,Simmons
83,Madelyn,Foster
85,Eleanor,Cooper
90,John,Doe
92,Daniel,Clark
93,Lucas,Walker
96,Aubrey,Myers
