SKU,Tag
101,Adventure
128,Adventure
172,Adventure
178,Adventure
192,Adventure
144,Adventure
188,Adventure
123,Art
126,Art
131,Art
138,Art
188,Art
200,Art
106,Art
141,Art
156,Art
160,Art
174,Art
185,Art
196,Art
161,Art
160,Arts
145,Business
137,Business
118,Business
102,Computers
150,Computers
175,Computers
191,Computers
198,Computers
104,Computers
105,Computers
186,Computers
103,Computers
135,Computers
193,Computers
106,Creativity
141,Creativity
156,Creativity
160,Creativity
174,Creativity
185,Creativity
196,Creativity
112,Creativity
134,Creativity
125,Education
137,Education
167,Education
143,Education
163,Education
158,Education
170,Education
162,Fantasy
187,Fantasy
190,Fantasy
149,Fantasy
172,Fantasy
101,Fiction
128,Fiction
132,Fiction
142,Fiction
146,Fiction
149,Fiction
157,Fiction
172,Fiction
178,Fiction
197,Fiction
152,Fiction
188,Fiction
109,Food
122,Food
124,Food
139,Food
154,Food
166,Food
173,Food
181,Food
183,Food
194,Food
187,Food
143,Food
110,Gardening
153,Gardening
127,Gardening
114,Health
147,Health
129,Health
161,History
107,History
169,History
140,History
185,History
187,History
110,Hobby
115,Hobby
133,Hobby
153,Hobby
184,Hobby
192,Hobby
131,Hobby
160,Hobby
176,Hobby
174,Hobby
134,Hobby
138,Hobby
108,Hobby
173,Hobby
196,Hobby
123,Hobby
200,Hobby
126,Hobby
188,Hobby
156,Hobby
104,Hobby
124,Hobby
165,Hobby
135,Home Improvement
120,Home Improvement
145,Home Improvement
165,Home Improvement
146,Horror
197,Horror
121,Lifestyle
179,Lifestyle
119,Lifestyle
114,Lifestyle
116,Lifestyle
192,Lifestyle
144,Lifestyle
170,Lifestyle
168,Lifestyle
184,Lifestyle
118,Lifestyle
142,Lifestyle
154,Lifestyle
147,Lifestyle
127,Lifestyle
112,Literature
134,Literature
158,Literature
176,Literature
151,Mindfulness
163,Mindfulness
113,Mindfulness
143,Mindfulness
168,Mindfulness
126,Mindfulness
184,Mindfulness
128,Mystery
157,Mystery
107,Mystery
188,Mystery
197,Mystery
117,Nature
136,Nature
177,Nature
180,Nature
184,Nature
199,Nature
107,Non-Fiction
108,Non-Fiction
113,Non-Fiction
118,Non-Fiction
130,Non-Fiction
161,Non-Fiction
169,Non-Fiction
170,Non-Fiction
195,Non-Fiction
199,Non-Fiction
102,Non-Fiction
103,Non-Fiction
104,Non-Fiction
105,Non-Fiction
106,Non-Fiction
109,Non-Fiction
110,Non-Fiction
111,Non-Fiction
114,Non-Fiction
115,Non-Fiction
116,Non-Fiction
117,Non-Fiction
119,Non-Fiction
120,Non-Fiction
121,Non-Fiction
122,Non-Fiction
123,Non-Fiction
124,Non-Fiction
125,Non-Fiction
126,Non-Fiction
127,Non-Fiction
129,Non-Fiction
131,Non-Fiction
133,Non-Fiction
135,Non-Fiction
136,Non-Fiction
137,Non-Fiction
138,Non-Fiction
139,Non-Fiction
140,Non-Fiction
141,Non-Fiction
142,Non-Fiction
143,Non-Fiction
144,Non-Fiction
145,Non-Fiction
147,Non-Fiction
148,Non-Fiction
150,Non-Fiction
151,Non-Fiction
153,Non-Fiction
154,Non-Fiction
155,Non-Fiction
156,Non-Fiction
158,Non-Fiction
159,Non-Fiction
160,Non-Fiction
162,Non-Fiction
163,Non-Fiction
164,Non-Fiction
165,Non-Fiction
166,Non-Fiction
167,Non-Fiction
168,Non-Fiction
171,Non-Fiction
173,Non-Fiction
174,Non-Fiction
175,Non-Fiction
176,Non-Fiction
177,Non-Fiction
179,Non-Fiction
180,Non-Fiction
181,Non-Fiction
182,Non-Fiction
183,Non-Fiction
184,Non-Fiction
185,Non-Fiction
186,Non-Fiction
187,Non-Fiction
189,Non-Fiction
190,Non-Fiction
191,Non-Fiction
192,Non-Fiction
193,Non-Fiction
194,Non-Fiction
196,Non-Fiction
198,Non-Fiction
200,Non-Fiction
115,Puzzles
195,Puzzles
138,Puzzles
175,Puzzles
198,Puzzles
144,Science
148,Science
155,Science
159,Science
164,Science
171,Science
182,Science
189,Science
162,Science
190,Science
169,Science
185,Science
130,Science
199,Science
195,Science
111,Science
140,Science
111,Science Fiction
140,Science Fiction
152,Science Fiction
132,Science Fiction
142,Science Fiction
178,Science Fiction
116,Self-Help
119,Self-Help
127,Self-Help
129,Self-Help
143,Self-Help
151,Self-Help
163,Self-Help
168,Self-Help
145,Self-Help
113,Self-Help
111,Space
144,Space
164,Space
182,Space
189,Space
152,Space
103,Technology
104,Technology
105,Technology
186,Technology
191,Technology
193,Technology
198,Technology
102,Technology
