GUID,Firstname,Surname,DOB,PostCode,Suburb,State,Active
D28DBAFF-56F7-46F2-8A4F-A4C73259DFFC,Bailey,Shannon,2/08/1976,4825,Sunset,QLD,1
5A61AF83-7F36-4B32-89CB-497F620775A3,Hayden,Richards,30/04/1989,4800,Mount Marlow,QLD,1
F665124E-1C6E-42F1-B58C-C139B54C829B,Madalynn,Blankenship,4/08/1949,4670,Givelda,QLD,1
51CC7669-E486-49BF-B398-7A70769FDBF0,Dulce,Mckenzie,22/03/1973,4892,Pormpuraaw,QLD,1
654CE6C9-70D0-41BF-872B-0DA4899FFFE4,Erick,Sparks,14/12/1952,4854,Tully,QLD,1
396A7348-47E6-4DB1-8B5F-B1F6D65BF9DA,Payton,Johnson,5/08/1965,4650,Dundathu,QLD,1
C9623BC6-A880-4EC0-86DB-23E91CCAF4ED,Haylee,Soto,29/01/1993,4361,Headington Hill,QLD,1
3F489BFB-5166-42DB-8DCC-88FAFC65B529,Charlie,Howard,28/02/1967,4110,Pallara,QLD,1
417E0861-5CBE-46EF-91D2-00FC69538B95,Nathanael,Kaiser,2/04/1967,4030,Wooloowin,QLD,1
2C165421-1CDD-4B62-8996-062A59C5C0D2,Graham,Greer,13/08/1985,4570,Long Flat,QLD,0
0AC7D9AD-33D3-42F3-9627-34078E3E5BCE,Jude,Walker,25/07/1951,4807,Mount Kelly,QLD,1
5E904572-AE49-440C-BAD2-493C1D4EB904,Donavan,Nolan,24/05/1968,4340,Mount Walker West,QLD,1
F580C73B-3A2C-4F87-A3CA-FFEE8A653977,Liana,Sweeney,12/01/1955,4309,Kalbar,QLD,1
FF77D426-9956-4048-8093-1C07EF582B54,Roland,Leonard,6/06/1956,4620,North Aramara,QLD,1
E231F889-A998-4DB8-8649-E752C70EE7EF,Rhianna,Holmes,17/03/1943,4810,Rowes Bay,QLD,1
3D1EBDA5-615A-424A-B2DB-2F8BA557BE6B,Anna,Barry,8/02/1963,4107,Salisbury,QLD,1
1F4F3C24-43BA-4634-B41B-9F2886EEFFB5,Gerardo,Newman,18/01/1951,4306,Mount Stanley,QLD,1
EB8CFAE2-DCB5-447E-8A59-A396F99F5A3C,Nikhil,Hobbs,30/04/1982,4820,Llanarth,QLD,1
E9A1DC3E-8F77-4E9A-9094-328ADB28D69D,Beau,Quinn,15/11/2001,4120,Stones Corner,QLD,1
A34C2DD3-07C1-4B8D-8583-8F4DEA4D7988,Rocco,Paul,4/08/1984,4700,Port Curtis,QLD,1
643EB809-45C5-4321-A5C6-19ABABF6F7CF,Katie,Valenzuela,7/02/1961,4739,Carmila,QLD,1
666E704E-C41B-4862-8A61-7A7623A0C29F,Octavio,Ayala,16/01/1962,4344,Egypt,QLD,1
C9ABFE20-0443-4B7A-A745-59C271A9B4E8,Sarah,Mercado,15/07/1969,4892,West Wellesley Islands,QLD,1
6101C49D-0A14-4DFC-BB3B-CC9EF147EDE8,Killian,Hays,1/12/1956,4671,New Moonta,QLD,1
36A77F93-41BD-479F-A003-FCE3D346DAE7,Ayden,Manning,27/12/1988,4608,Charlestown,QLD,1
4CBF501A-4469-47C6-BDD4-B14A3F86262B,Mohammad,Small,4/06/1990,4723,Lowestoff,QLD,1
7EDA21D9-55D7-4EDA-A804-630541EB4981,Aiyana,Coffey,25/04/1944,4670,Coral Cove,QLD,1
0C3E0931-F18E-4BE5-B638-E8412609F2A3,Maia,Clay,16/10/1999,4380,Pikedale,QLD,1
D70EB9F3-2798-4B5D-A1FD-26DCAA521D61,Joyce,Walton,3/07/1949,4109,Sunnybank South,QLD,1
287FD392-0CF0-4DE3-8B49-5E54CCA7F95D,Trenton,Holden,31/01/1967,4816,Barringha,QLD,1
67227883-EEA2-4C5B-8465-98BC82A544E3,Frankie,Bond,29/07/1950,4670,Elliott,QLD,1
6CA69AEC-6002-4E86-804C-137EDB574AFE,Vincent,Oneal,12/11/1948,4311,Buaraba South,QLD,1
E8B74B18-B87A-4D9D-84C9-5A69BB1827C8,London,Yang,11/03/1957,4875,Horn Island,QLD,1
1A10ADC1-F6F0-45B3-91FD-02783C13CA68,Patrick,Hunt,9/08/1963,4419,Wandoan,QLD,1
E7A3B5D9-7D76-4782-8139-257D28988D26,Lucy,Bauer,9/01/1950,4560,Towen Mountain,QLD,1
41F34C73-FFEB-48A3-8C51-3C315D5C3B2F,Erica,Palmer,4/03/1977,4806,Wangaratta,QLD,1
B3AB6F90-F5CF-4540-934A-80B8AB6066AC,Jeremiah,Wiggins,9/03/1967,4860,Mighell,QLD,1
41BA66D5-5BFF-4447-8BAA-FBCA4A3F7592,Rocco,Maxwell,10/04/1956,4605,Manyung,QLD,0
D901EB63-40AC-4BBF-9183-735F8C2FDD71,Lawrence,Salazar,25/01/1994,4740,Nindaroo,QLD,1
2634B7FD-A8FF-4960-A401-F30AACCB4F7F,Parker,Carlson,28/09/1975,4754,Mount Martin,QLD,1
617F081E-EFCF-4D13-93D3-2293A9209E18,Gracie,Knapp,1/09/1961,4702,Central Queensland Mc,QLD,1
142769F8-E531-40E5-B01D-6C82C1C8215B,Cullen,Carson,25/04/1966,4855,Shell Pocket,QLD,1
05EE70C8-C3E1-4594-8536-8C4052198D1B,Seth,Pena,21/10/1984,4229,Bond University,QLD,1
01DF617A-4A9B-4C23-85A6-133841C6369D,Leroy,Melton,15/05/1988,4465,Womalilla,QLD,1
C7A37BB3-0EFC-4D80-820B-CB7E07C69EC4,Kolton,Singleton,14/04/1985,4350,Newtown,QLD,1
BE07287F-7E05-4A9E-AC09-94DE38611C27,Janelle,Salazar,28/07/1945,4860,Ngatjan,QLD,1
F34BD1E1-0B03-48D6-A9B0-F5C29B3DEEAE,Alicia,Merritt,12/10/1991,4798,Mentmore,QLD,1
5BB43449-B97A-4402-AD50-B43F05BEE4BC,Luis,Turner,2/07/1966,4892,Lizard,QLD,1
F02E0753-C4FA-4F64-B0E0-2767DCD4D5C6,Reece,Jenkins,3/02/2000,4800,Pauls Pocket,QLD,1
179CFC82-B3F3-433B-A83D-E2C59090F1A5,Ava,Mccoy,24/12/1971,4871,Warrubullen,QLD,1
01FFA357-C890-4B66-B8B5-2A499B962852,Sierra,Wilkins,29/06/1985,4740,Belmunda,QLD,1
A97E16E4-FFAB-4D52-A7E2-EED6F064B5E1,Alec,Ball,10/03/1977,4405,Dalby,QLD,1
F6318736-A7CC-4454-BFB1-BF011C4A572C,Sarai,Morgan,6/10/1953,4800,Lethebrook,QLD,1
9D97034A-24C7-405E-A3A4-1924847ECAEC,Milton,Lara,7/12/1981,4213,Bonogin,QLD,0
2C1E5D8F-322F-4C23-B771-9D8C85B926E5,Luz,Salas,28/01/1989,4510,Caboolture South,QLD,1
1FE06237-F961-4E97-A982-E6EB37D6CD8A,Asa,Mercer,9/06/1995,4751,Greenmount,QLD,1
394FAF2C-5A4F-481E-B071-AFA08448F4FB,John,Beck,8/12/1949,4671,Takilberan,QLD,1
50FC0C0F-7397-4738-9716-29BFC7F62D07,Thomas,Spears,7/05/1967,4807,Alva,QLD,0
02DEFD8E-8092-4446-A17E-5EA2150B9F2E,Finley,Holland,5/11/1955,4380,Nundubbermere,QLD,1
DED9095C-F6ED-441F-AB50-0205BF9513AF,Ivy,Olsen,29/01/1968,4306,Dundas,QLD,1
34EEC530-52E7-4BF6-92B8-33DFA26C3DF7,Andrea,Brandt,21/04/1955,4626,Cattle Creek,QLD,1
C306B1C5-381A-4CD0-9710-AD706E99D910,Perla,Boyle,21/12/1956,4370,Glengallan,QLD,1
A96EFC53-BAD4-4316-AD7D-F66D51F35E27,Trevon,Santana,16/10/1975,4670,Electra,QLD,1
419F0205-1526-469A-B86C-A3EB1CE48183,Leo,Singleton,13/02/1971,4871,Deeral,QLD,1
21A7C0AF-6D7B-448D-96C5-AAB5E4F9689F,Easton,Bush,29/07/1970,4357,Lavelle,QLD,1
F325AA60-1ACC-41BD-BA69-9C131FB2EFCC,Aidyn,Ramirez,14/01/2004,4077,Inala,QLD,0
0180BCE4-E63F-467E-A54E-303150E2D271,Conner,Trujillo,20/05/1998,4352,Gowrie Junction,QLD,1
CB45E4C3-C152-40E9-89C4-052A0214523E,Nathanael,Gamble,23/11/1972,4870,Westcourt,QLD,1
3CB28CEA-A94C-4BDE-9614-A283FD4462EE,Zaid,Allison,24/01/1986,4310,Templin,QLD,0
D1F51D9E-890A-408D-B64F-23BFD144F32F,Octavio,Mays,14/08/1996,4728,Mexico,QLD,1
D0027EE2-28F0-44D9-A964-FC936A0EE7BA,Lucas,Moreno,23/10/1972,4650,Gootchie,QLD,1
5A7F9D96-C67C-4B60-B72A-FCFF8704FCCC,Brynlee,Gregory,7/05/1947,4740,Chelona,QLD,1
99716EEC-43D4-4A64-88FA-5352FD7FB033,Dulce,Clayton,23/03/1961,4871,Mount Mulligan,QLD,1
DA04A2D3-A7A8-42E8-91C9-A03E49CCDC15,Veronica,Bray,19/08/2001,4670,Bundaberg Dc,QLD,0
B20D0037-D2B4-4D19-9417-9653F5EB4F04,Haylee,Bowen,13/01/2003,4069,Pinjarra Hills,QLD,1
59A4EEFE-70B9-4CC9-B4C4-A4116B47F3B1,Skye,Vazquez,12/12/1978,4700,Great Keppel Island,QLD,1
512B931C-4AF2-4A10-99C8-73515508D75B,Stanley,Mack,10/06/1988,4702,Alsace,QLD,1
B9BC3B91-7866-4B54-998F-9F77A4402290,Raymond,Walsh,16/02/1960,4807,Mount Kelly,QLD,0
8A159F0C-FE5B-4C4A-81D4-369335AD9535,Damaris,Ashley,23/05/1947,4017,Brighton,QLD,1
9C44EDCB-5705-410A-9DAE-4A63A24C97B8,Rosemary,Matthews,3/08/1990,4404,Wainui,QLD,1
54E7CD01-2BDE-475F-8C56-9E5DB39490E1,Ali,Ballard,1/06/1945,4886,Minbun,QLD,1
B1F0334E-4C61-4B1E-B1F1-C79DD0AF0311,Briley,Dickson,23/01/1987,4805,Gumlu,QLD,0
450468C9-3D33-4A47-ADF2-75E7B5C0FF1B,Riley,Brown,25/07/1953,4873,Bonnie Doon,QLD,1
8C648A82-75FC-49EE-8420-A1E0BECABA0C,Justine,Moore,3/06/1972,4615,Johnstown,QLD,0
0E81F678-D399-4334-8FB0-68E69C787E73,Julia,Salas,8/10/1975,4850,Trebonne,QLD,1
72ABB41E-F14E-4566-B5FD-82346BB28A1D,Jensen,Waters,20/10/2001,4034,Carseldine,QLD,1
E7D6E8F2-AFF2-4EFE-8771-D05FCC5B2DA9,Sidney,Rush,25/06/1992,4703,Mulara,QLD,1
F508C210-C0F1-4FB0-AA35-AEB597D92E1D,Adriana,Mosley,4/04/1988,4285,Kagaru,QLD,1
B3C342A4-E38E-477E-B374-87B872735571,Scarlett,Miles,31/12/1993,4555,Landers Shoot,QLD,1
3CC97FBA-FECD-4E0D-9AE3-3789E4B5E6FE,Finley,Odom,17/09/2000,4871,Fitzroy Island,QLD,1
31B0E95F-9D24-46D1-B21B-5823127E523A,Semaj,Wilcox,8/06/1992,4306,Fairney View,QLD,1
B1A7FBB6-A6E2-4A24-8E49-EB266F3910DA,Kamron,Marshall,24/04/1955,4478,Tambo,QLD,1
B66157FC-4F1C-4AF2-898D-4D3B3C5A5BBD,Reginald,Daniels,5/04/1962,4556,Tanawha,QLD,1
D500F049-DF2F-41C0-BD29-BB74F64DB5CD,Mollie,Gross,9/10/1966,4455,Orallo,QLD,1
0B3CEA76-08D3-4AA6-82D1-E75F7823B71D,Kamila,Harrell,10/09/1951,4511,Ningi,QLD,1
B1E0FE78-25F3-4B58-B05B-B4F64FCB6710,Heaven,Hayes,12/12/1968,9008,Brisbane,QLD,1
E65F8A0E-D6DA-498E-94B1-36C317533204,Nayeli,Reid,20/11/1974,4872,Cairns Mc,QLD,0
2DB36D32-95B3-411B-B801-42A01F8F8E52,Todd,Mccall,7/05/1967,4671,Molangul,QLD,1
B1561D01-94B7-4C3D-AAEA-54F2136BA7F0,Dominique,Pineda,21/10/1982,4361,Missen Flat,QLD,1
364F4629-BA53-45CA-90E9-7BC3737803A4,Jaidyn,Bradford,27/08/1998,4800,Strathdickie,QLD,1
